Absentee Rate,CDS_CODE,Dropout Rate,FRPM School-Level Data ,School Pov Rate_x,School Pov Rate_y
31.6,10101080109991,0.2428407789232531,2016-2017,0.8985976267529665,0.8985976267529665
5.6,10101080111682,0.0,2016-2017,0.484375,0.484375
56.8,10621170110270,0.3235294117647059,2016-2017,0.8571428571428571,0.8571428571428571
7.1,10621170113555,0.0,2016-2017,0.18375552874949738,0.18375552874949738
12.8,10621170118018,0.0299003322259136,2016-2017,0.24709302325581395,0.24709302325581395
48.0,10621580108977,0.0,2016-2017,0.8571428571428571,0.8571428571428571
8.3,10621580120246,0.0,2016-2017,0.5,0.5
2.5,10621660108555,0.0,2016-2017,0.8075313807531381,0.8075313807531381
4.3,10621660114355,0.0576923076923076,2016-2017,0.7750611246943765,0.7750611246943765
1.5,10621660114553,0.0,2016-2017,0.09915611814345991,0.09915611814345991
72.9,10621660120964,0.0384615384615384,2016-2017,0.9772727272727273,0.9772727272727273
11.8,10621660132134,0.0,2016-2017,0.8097345132743363,0.8097345132743363
31.2,10622570124727,0.0256410256410256,2016-2017,0.358974358974359,0.358974358974359
8.9,10622650108092,0.0030864197530864,2016-2017,0.9614197530864198,0.9614197530864198
53.1,10622650116640,0.0163934426229508,2016-2017,0.7049180327868853,0.7049180327868853
2.5,10622650126292,0.0,2016-2017,0.821656050955414,0.821656050955414
20.8,10623310130880,0.15,2016-2017,0.6779661016949152,0.6779661016949152
39.1,10623640126870,0.1914893617021276,2016-2017,0.8297872340425532,0.8297872340425532
30.1,10623800124982,0.1353919239904988,2016-2017,0.9453681710213777,0.9453681710213777
35.5,10625470120535,0.1483113069016152,2016-2017,0.7709251101321586,0.7709251101321586
8.8,10625470127159,0.1481481481481481,2016-2017,0.8064516129032258,0.8064516129032258
2.8,10625470135103,0.0,2016-2017,0.4435483870967742,0.4435483870967742
100.0,10739650114751,0.2307692307692307,2016-2017,0.9473684210526315,0.9473684210526315
83.3,10767780108993,0.6,2016-2017,1,1
32.4,10767780122473,0.2148760330578512,2016-2017,0.8347107438016529,0.8347107438016529
68.5,12101240106153,0.1929824561403508,2016-2017,0.8448275862068966,0.8448275862068966
61.8,12101240106161,0.2045454545454545,2016-2017,0.8958333333333334,0.8958333333333334
60.9,12101240106179,0.2777777777777778,2016-2017,0.8888888888888888,0.8888888888888888
0.0,12101240106195,0.0,2016-2017,1,1
7.1,12101240106203,0.1111111111111111,2016-2017,1,1
0.0,12101240134163,0.0,2016-2017,0.33163265306122447,0.33163265306122447
22.0,12626870107110,0.0217391304347826,2016-2017,0.532608695652174,0.532608695652174
17.6,12626870124263,0.05,2016-2017,0.8253968253968254,0.8253968253968254
7.8,12628100108688,0.0060975609756097,2016-2017,0.39634146341463417,0.39634146341463417
4.0,12630320111203,0.0179640718562874,2016-2017,0.6504629629629629,0.6504629629629629
52.3,13101320131094,0.0757575757575757,2016-2017,0.9425837320574163,0.9425837320574163
62.6,13101320134379,0.8928571428571429,2016-2017,1,1
32.4,13631150131243,0.0,2016-2017,0.7297297297297297,0.7297297297297297
92.3,13631490125922,0.0,2016-2017,0.13636363636363635,0.13636363636363635
80.3,14101400117994,0.6157817109144543,2016-2017,0.9166666666666666,0.9166666666666666
93.3,14101400128447,0.6075949367088608,2016-2017,0.9535864978902954,0.9535864978902954
73.4,14101400128454,0.4485714285714285,2016-2017,0.9542857142857143,0.9542857142857143
0.0,14766870119081,0.2592592592592592,2016-2017,0.3333333333333333,0.3333333333333333
100.0,14766870125047,0.1666666666666666,2016-2017,0.6666666666666666,0.6666666666666666
12.2,15101570119669,0.0021691973969631,2016-2017,0.7497155858930603,0.7497155858930603
9.6,15634120100529,0.0021291696238466,2016-2017,0.8743789921930447,0.8743789921930447
10.5,15634120116384,0.0026595744680851,2016-2017,0.9326241134751773,0.9326241134751773
8.9,15635290100198,0.0124120810922631,2016-2017,0.8175424079437319,0.8175424079437319
8.4,15635290110999,0.0038135593220338,2016-2017,0.2326271186440678,0.2326271186440678
8.3,15635290116392,0.0028999516674722,2016-2017,0.5480908651522475,0.5480908651522475
15.3,15635290116400,0.0083443126921387,2016-2017,0.9046991655687308,0.9046991655687308
25.1,15635290125062,0.127147766323024,2016-2017,0.865979381443299,0.865979381443299
37.7,15636280127183,0.0581613508442776,2016-2017,0.64898210980876,0.64898210980876
59.1,15636280127209,0.185378590078329,2016-2017,0.6892950391644909,0.6892950391644909
14.2,15636280134312,0.0751445086705202,2016-2017,0.25344180225281604,0.25344180225281604
24.2,15636770114512,0.0185185185185185,2016-2017,0.720164609053498,0.720164609053498
0.0,16638750101717,0.0505050505050505,2016-2017,0.7379310344827587,0.7379310344827587
41.2,16638750112698,0.0659340659340659,2016-2017,0.5658198614318707,0.5658198614318707
90.0,16638910110858,0.0,2016-2017,0.8333333333333334,0.8333333333333334
61.5,16638910122820,0.0,2016-2017,1,1
11.7,16639250118919,0.0047619047619047,2016-2017,0.5392857142857143,0.5392857142857143
36.1,16639580132860,0.1269487750556792,2016-2017,0.8730512249443207,0.8730512249443207
5.7,16639820110205,0.0041666666666666,2016-2017,0.2,0.2
92.5,17640220107706,0.1923076923076923,2016-2017,0.5384615384615384,0.5384615384615384
30.8,17640220132571,0.0,2016-2017,0.7758186397984886,0.7758186397984886
26.2,17640550129601,0.0459770114942528,2016-2017,0.3576158940397351,0.3576158940397351
93.8,18641390131953,0.125,2016-2017,1,1
13.9,18641620120287,0.01,2016-2017,0.5379537953795379,0.5379537953795379
0.0,18750360121657,0.0,2016-2017,0.37719298245614036,0.37719298245614036
22.6,19101990109942,0.0045662100456621,2016-2017,0.771689497716895,0.771689497716895
9.9,19101990112128,0.0135396518375241,2016-2017,0.9253499222395023,0.9253499222395023
54.9,19101990121822,0.20625,2016-2017,1,1
4.1,19101990121871,0.2,2016-2017,1,1
6.6,19101990121897,0.3975903614457831,2016-2017,1,1
20.6,19101990121905,0.0,2016-2017,1,1
0.0,19101990121921,0.0963855421686747,2016-2017,1,1
0.0,19101990121939,0.0576923076923076,2016-2017,1,1
2.1,19101990121970,0.1521739130434782,2016-2017,1,1
0.0,19101990121988,0.1111111111111111,2016-2017,1,1
0.0,19101990121996,0.1111111111111111,2016-2017,1,1
0.0,19101990122010,0.0975609756097561,2016-2017,1,1
0.0,19101990122028,0.0967741935483871,2016-2017,1,1
0.0,19101990122036,0.1666666666666666,2016-2017,1,1
0.7,19101990122044,0.0689655172413793,2016-2017,1,1
0.0,19101990122077,0.027027027027027,2016-2017,1,1
5.5,19101990123604,0.1818181818181818,2016-2017,1,1
16.1,19101990127274,0.0648148148148148,2016-2017,0.6244131455399061,0.6244131455399061
12.3,19101990127522,0.1515151515151515,2016-2017,0.9640287769784173,0.9640287769784173
12.5,19101990134346,0.0,2016-2017,0.5681818181818182,0.5681818181818182
12.6,19642460100081,0.0100840336134453,2016-2017,0.7522689075630252,0.7522689075630252
20.6,19642460108407,0.0131406044678055,2016-2017,0.806395094174332,0.806395094174332
1.5,19642460111872,0.0,2016-2017,0.5788177339901478,0.5788177339901478
76.5,19642460115337,0.1940298507462686,2016-2017,0.47761194029850745,0.47761194029850745
6.8,19642460126003,0.0555555555555555,2016-2017,0.5568181818181818,0.5568181818181818
23.9,19642870114397,0.3485863095238095,2016-2017,0.8471382865268396,0.8471382865268396
20.0,19643030128306,0.0,2016-2017,0.2916666666666667,0.2916666666666667
51.4,19643370131573,0.0285714285714285,2016-2017,0.2222222222222222,0.2222222222222222
76.9,19643520118521,0.3333333333333333,2016-2017,0.7962962962962963,0.7962962962962963
70.8,19644440128322,0.2352941176470588,2016-2017,0.18181818181818182,0.18181818181818182
11.9,19644690128736,0.1595744680851064,2016-2017,0.7138047138047138,0.7138047138047138
6.4,19645270133835,0.0,2016-2017,0.7746478873239436,0.7746478873239436
1.6,19645920100354,0.0,2016-2017,0.7640845070422535,0.7640845070422535
0.0,19647090100602,0.0087260034904013,2016-2017,0.9040139616055847,0.9040139616055847
89.5,19647250101741,0.125,2016-2017,0.75,0.75
65.0,19647250125153,0.0939597315436241,2016-2017,0.8993288590604027,0.8993288590604027
8.8,19647250127381,0.0,2016-2017,0.4426229508196721,0.4426229508196721
48.2,19647250131938,0.2037037037037037,2016-2017,0.9629629629629629,0.9629629629629629
4.5,19647250132324,0.0,2016-2017,0.39285714285714285,0.39285714285714285
7.8,19647330100677,0.0050251256281407,2016-2017,0.4547738693467337,0.4547738693467337
16.5,19647330100750,0.0059760956175298,2016-2017,0.9701195219123506,0.9701195219123506
13.8,19647330100776,0.0,2016-2017,0.8684654300168634,0.8684654300168634
20.9,19647330100800,0.0062893081761006,2016-2017,0.9035639412997903,0.9035639412997903
16.1,19647330101196,0.0209267563527653,2016-2017,0.7716417910447761,0.7716417910447761
66.1,19647330101329,0.1417322834645669,2016-2017,0.96875,0.96875
1.5,19647330101659,0.037037037037037,2016-2017,0.9506172839506173,0.9506172839506173
13.4,19647330101675,0.0080645161290322,2016-2017,0.9451612903225807,0.9451612903225807
12.5,19647330101683,0.0,2016-2017,0.6147308781869688,0.6147308781869688
1.1,19647330102137,0.2151898734177215,2016-2017,1,1
10.2,19647330102434,0.0067681895093062,2016-2017,0.9170896785109983,0.9170896785109983
5.2,19647330102541,0.0072115384615384,2016-2017,0.886337543053961,0.886337543053961
70.7,19647330102764,0.3235294117647059,2016-2017,0.9117647058823529,0.9117647058823529
4.1,19647330102913,0.0,2016-2017,0.8201634877384196,0.8201634877384196
0.4,19647330102921,0.0,2016-2017,0.6696428571428571,0.6696428571428571
22.9,19647330106351,0.0,2016-2017,0.6531130876747141,0.6531130876747141
33.1,19647330106435,0.0336134453781512,2016-2017,0.9439775910364145,0.9439775910364145
2.7,19647330106831,0.0049833887043189,2016-2017,0.8554817275747508,0.8554817275747508
10.0,19647330106849,0.0032679738562091,2016-2017,0.9722222222222222,0.9722222222222222
6.3,19647330106864,0.0,2016-2017,0.9533468559837728,0.9533468559837728
7.0,19647330106997,0.0,2016-2017,0.8695652173913043,0.8695652173913043
10.4,19647330107003,0.0009451795841209,2016-2017,0.7277882797731569,0.7277882797731569
8.5,19647330107011,0.0046948356807511,2016-2017,0.9117997616209773,0.9117997616209773
9.1,19647330107755,0.0020429009193054,2016-2017,0.6118488253319714,0.6118488253319714
11.3,19647330108878,0.0163727959697733,2016-2017,0.473551637279597,0.473551637279597
1.1,19647330108894,0.0016420361247947,2016-2017,0.9589490968801314,0.9589490968801314
8.2,19647330108928,0.0,2016-2017,0.38268156424581007,0.38268156424581007
3.0,19647330108936,0.0016638935108153,2016-2017,0.9234608985024958,0.9234608985024958
74.1,19647330109322,0.0,2016-2017,0.8617200674536256,0.8617200674536256
17.1,19647330109447,0.0306812272490899,2016-2017,0.8871554862194487,0.8871554862194487
16.3,19647330109454,0.0117868929750117,2016-2017,0.9028760018859029,0.9028760018859029
15.4,19647330109462,0.0162481536189069,2016-2017,0.8914327917282127,0.8914327917282127
83.1,19647330109512,0.1358024691358024,2016-2017,0.9814814814814815,0.9814814814814815
12.0,19647330110304,0.0043668122270742,2016-2017,0.9942028985507246,0.9942028985507246
36.8,19647330110668,0.1703703703703703,2016-2017,0.8074074074074075,0.8074074074074075
74.1,19647330111484,0.2450980392156862,2016-2017,0.9803921568627451,0.9803921568627451
3.2,19647330111492,0.0033333333333333,2016-2017,0.9716666666666667,0.9716666666666667
5.6,19647330111500,0.0,2016-2017,0.9453302961275627,0.9453302961275627
8.0,19647330111575,0.0191387559808612,2016-2017,0.9728867623604466,0.9728867623604466
8.4,19647330111583,0.0080906148867313,2016-2017,0.9611650485436893,0.9611650485436893
14.8,19647330111625,0.0171526586620926,2016-2017,0.9210977701543739,0.9210977701543739
3.6,19647330111641,0.0018083182640144,2016-2017,0.9485148514851485,0.9485148514851485
10.0,19647330111658,0.0,2016-2017,0.8373287671232876,0.8373287671232876
15.4,19647330112029,0.0441501103752759,2016-2017,0.9116997792494481,0.9116997792494481
17.4,19647330112037,0.0204778156996587,2016-2017,0.8532423208191127,0.8532423208191127
5.5,19647330112045,0.0118549511854951,2016-2017,0.8200836820083682,0.8200836820083682
13.0,19647330112052,0.0324881141045958,2016-2017,0.9580031695721077,0.9580031695721077
11.8,19647330112508,0.0144927536231884,2016-2017,0.9184782608695652,0.9184782608695652
19.7,19647330112870,0.0529411764705882,2016-2017,0.9323529411764706,0.9323529411764706
29.0,19647330114850,0.0435931307793923,2016-2017,0.8527080581241744,0.8527080581241744
10.6,19647330115030,0.0,2016-2017,0.8260869565217391,0.8260869565217391
17.7,19647330115212,0.0,2016-2017,0.9301310043668122,0.9301310043668122
19.5,19647330115253,0.0164609053497942,2016-2017,0.9300411522633745,0.9300411522633745
5.4,19647330116509,0.0,2016-2017,0.9541284403669725,0.9541284403669725
67.2,19647330116954,0.2,2016-2017,1,1
27.7,19647330117051,0.0458333333333333,2016-2017,0.9675,0.9675
21.8,19647330117069,0.0648464163822525,2016-2017,0.9129692832764505,0.9129692832764505
39.1,19647330117077,0.0173611111111111,2016-2017,0.9768637532133676,0.9768637532133676
19.1,19647330117598,0.0108225108225108,2016-2017,0.8896103896103896,0.8896103896103896
9.0,19647330117606,0.005736137667304,2016-2017,0.8891013384321224,0.8891013384321224
10.4,19647330117622,0.0,2016-2017,0.71875,0.71875
17.6,19647330117630,0.0,2016-2017,0.8449197860962567,0.8449197860962567
17.4,19647330117721,0.0346420323325635,2016-2017,0.9122401847575058,0.9122401847575058
18.3,19647330117747,0.0395604395604395,2016-2017,0.8571428571428571,0.8571428571428571
16.4,19647330117762,0.0575221238938053,2016-2017,0.8716814159292036,0.8716814159292036
34.9,19647330117911,0.0,2016-2017,0.5124378109452736,0.5124378109452736
33.6,19647330118588,0.0882723833543505,2016-2017,0.9577553593947037,0.9577553593947037
12.1,19647330119651,0.0043859649122807,2016-2017,0.8464912280701754,0.8464912280701754
16.8,19647330119685,0.0253521126760563,2016-2017,0.8872180451127819,0.8872180451127819
13.0,19647330119693,0.0234192037470726,2016-2017,0.8596134282807731,0.8596134282807731
9.1,19647330119727,0.0054832076764907,2016-2017,0.7710760795065114,0.7710760795065114
17.5,19647330119966,0.0190763052208835,2016-2017,0.8785140562248996,0.8785140562248996
0.8,19647330120071,0.0321285140562249,2016-2017,0.9739478957915831,0.9739478957915831
11.0,19647330120360,0.0028735632183908,2016-2017,0.6005747126436781,0.6005747126436781
87.7,19647330120808,0.4367816091954023,2016-2017,0.9770114942528736,0.9770114942528736
20.9,19647330121095,0.0629722921914357,2016-2017,0.8603174603174604,0.8603174603174604
12.9,19647330121285,0.0,2016-2017,0.974155069582505,0.974155069582505
16.6,19647330121293,0.0056657223796034,2016-2017,0.830028328611898,0.830028328611898
30.1,19647330122275,0.0,2016-2017,0.9120370370370371,0.9120370370370371
1.4,19647330122333,0.0019723865877712,2016-2017,0.9664694280078896,0.9664694280078896
17.0,19647330122341,0.0141509433962264,2016-2017,0.8797169811320755,0.8797169811320755
17.1,19647330122358,0.0248138957816377,2016-2017,0.9255583126550868,0.9255583126550868
18.2,19647330122366,0.0141242937853107,2016-2017,0.9152542372881356,0.9152542372881356
19.7,19647330122374,0.0246305418719211,2016-2017,0.8940886699507389,0.8940886699507389
18.6,19647330122382,0.0431472081218274,2016-2017,0.8959390862944162,0.8959390862944162
12.6,19647330122606,0.0,2016-2017,0.724390243902439,0.724390243902439
12.1,19647330122721,0.0043103448275862,2016-2017,0.927437641723356,0.927437641723356
6.3,19647330123133,0.0217821782178217,2016-2017,0.8871287128712871,0.8871287128712871
13.0,19647330123141,0.0034965034965034,2016-2017,0.9335664335664335,0.9335664335664335
11.6,19647330124362,0.0025795356835769,2016-2017,0.6723989681857265,0.6723989681857265
8.0,19647330124370,0.0,2016-2017,0.8542914171656687,0.8542914171656687
9.4,19647330124388,0.0057034220532319,2016-2017,0.903041825095057,0.903041825095057
4.7,19647330124396,0.0129589632829373,2016-2017,0.7926565874730022,0.7926565874730022
15.3,19647330124404,0.0185614849187935,2016-2017,0.888631090487239,0.888631090487239
23.8,19647330124412,0.0314960629921259,2016-2017,0.9763779527559056,0.9763779527559056
12.4,19647330124420,0.0192307692307692,2016-2017,0.9006410256410257,0.9006410256410257
29.4,19647330124479,0.0589812332439678,2016-2017,0.8695263628239499,0.8695263628239499
27.7,19647330124487,0.0350553505535055,2016-2017,0.8911439114391144,0.8911439114391144
18.4,19647330124495,0.0360531309297912,2016-2017,0.8823529411764706,0.8823529411764706
22.6,19647330124503,0.0337552742616033,2016-2017,0.9367088607594937,0.9367088607594937
26.4,19647330124511,0.0327868852459016,2016-2017,0.9282786885245902,0.9282786885245902
6.7,19647330124529,0.0058997050147492,2016-2017,0.8458197611292074,0.8458197611292074
11.4,19647330124560,0.0086206896551724,2016-2017,0.9810344827586207,0.9810344827586207
31.2,19647330124883,0.0633147113594041,2016-2017,0.9590316573556797,0.9590316573556797
19.9,19647330124891,0.0054446460980036,2016-2017,0.9401088929219601,0.9401088929219601
15.5,19647330124933,0.0,2016-2017,0.7655502392344498,0.7655502392344498
16.0,19647330124941,0.0052083333333333,2016-2017,0.9453125,0.9453125
10.0,19647330125864,0.0019685039370078,2016-2017,0.7874015748031497,0.7874015748031497
13.4,19647330125989,0.0052910052910052,2016-2017,0.9664902998236331,0.9664902998236331
15.8,19647330126136,0.0094696969696969,2016-2017,0.9337121212121212,0.9337121212121212
21.0,19647330126185,0.0051020408163265,2016-2017,0.8724489795918368,0.8724489795918368
25.7,19647330126474,0.0136518771331058,2016-2017,0.8976109215017065,0.8976109215017065
23.1,19647330126482,0.0581613508442776,2016-2017,0.8424015009380863,0.8424015009380863
20.0,19647330126490,0.0657370517928286,2016-2017,0.8745019920318725,0.8745019920318725
23.5,19647330126508,0.0784753363228699,2016-2017,0.8542600896860987,0.8542600896860987
8.6,19647330126516,0.0071123755334281,2016-2017,0.8904694167852063,0.8904694167852063
6.5,19647330126524,0.0073637702503681,2016-2017,0.8865979381443299,0.8865979381443299
21.1,19647330126532,0.0094043887147335,2016-2017,0.9028213166144201,0.9028213166144201
12.4,19647330126540,0.0087873462214411,2016-2017,0.8892794376098418,0.8892794376098418
16.4,19647330126557,0.0142857142857142,2016-2017,0.8816326530612245,0.8816326530612245
30.1,19647330126573,0.0304287690179806,2016-2017,0.8423236514522822,0.8423236514522822
7.4,19647330126615,0.0,2016-2017,0.7584973166368515,0.7584973166368515
8.4,19647330126623,0.0060240963855421,2016-2017,0.6847389558232931,0.6847389558232931
18.2,19647330127217,0.014336917562724,2016-2017,0.7419354838709677,0.7419354838709677
15.9,19647330127787,0.0166666666666666,2016-2017,0.8708333333333333,0.8708333333333333
31.0,19647330127795,0.0864978902953586,2016-2017,0.8628691983122363,0.8628691983122363
47.5,19647330127803,0.0846560846560846,2016-2017,0.8783068783068783,0.8783068783068783
29.7,19647330127852,0.0,2016-2017,0.8287037037037037,0.8287037037037037
26.2,19647330127878,0.0203389830508474,2016-2017,0.9186440677966101,0.9186440677966101
15.6,19647330127894,0.0043956043956043,2016-2017,0.8681318681318682,0.8681318681318682
19.4,19647330127910,0.0064516129032258,2016-2017,0.9741935483870968,0.9741935483870968
27.8,19647330128355,0.1176470588235294,2016-2017,0.3669064748201439,0.3669064748201439
18.0,19647330129536,0.0150753768844221,2016-2017,0.9195979899497487,0.9195979899497487
20.7,19647330129585,0.0145395799676898,2016-2017,0.9176090468497576,0.9176090468497576
16.7,19647330129627,0.0125523012552301,2016-2017,0.8744769874476988,0.8744769874476988
20.0,19647330129775,0.0275735294117647,2016-2017,0.9319852941176471,0.9319852941176471
16.6,19647330130997,0.0069444444444444,2016-2017,0.9930555555555556,0.9930555555555556
17.0,19647330131821,0.0459770114942528,2016-2017,0.9080459770114943,0.9080459770114943
13.9,19647330132027,0.0097087378640776,2016-2017,0.9320388349514563,0.9320388349514563
16.7,19647330132084,0.0,2016-2017,0.8906752411575563,0.8906752411575563
8.9,19647330132126,0.0,2016-2017,0.8445945945945946,0.8445945945945946
8.7,19647330132282,0.0045871559633027,2016-2017,0.9357798165137615,0.9357798165137615
9.5,19647330133272,0.0,2016-2017,0.8324742268041238,0.8324742268041238
23.2,19647330133280,0.021505376344086,2016-2017,0.7844444444444445,0.7844444444444445
11.7,19647330133298,0.003831417624521,2016-2017,0.8723404255319149,0.8723404255319149
14.8,19647330133603,0.0,2016-2017,0.589041095890411,0.589041095890411
18.6,19647330133868,0.0,2016-2017,0.9054054054054054,0.9054054054054054
15.4,19647740109538,0.0106861642294713,2016-2017,0.8880764904386952,0.8880764904386952
60.7,19647740114777,0.4351145038167939,2016-2017,0.9083969465648855,0.9083969465648855
96.0,19647740127845,0.2424242424242424,2016-2017,0.7777777777777778,0.7777777777777778
14.3,19648080124552,0.0017452006980802,2016-2017,0.7626527050610821,0.7626527050610821
49.3,19648570112714,0.1543498596819457,2016-2017,0.8322475570032574,0.8322475570032574
6.3,19648570125377,0.0013495276653171,2016-2017,0.805111821086262,0.805111821086262
24.2,19648810113464,0.0124481327800829,2016-2017,0.2478448275862069,0.2478448275862069
0.4,19648810117440,0.1818181818181818,2016-2017,0.6190476190476191,0.6190476190476191
39.8,19648810118075,0.2340425531914893,2016-2017,0.8842975206611571,0.8842975206611571
54.5,19649070115170,0.2140077821011673,2016-2017,0.6807692307692308,0.6807692307692308
62.5,19650600110320,0.0,2016-2017,0.45454545454545453,0.45454545454545453
31.2,19650940112706,0.0673431734317343,2016-2017,0.5730680948737567,0.5730680948737567
5.5,19650940122432,0.0046457607433217,2016-2017,0.586527293844367,0.586527293844367
54.8,19650940130005,0.0303030303030303,2016-2017,0.8333333333333334,0.8333333333333334
16.6,19651360102459,0.0050528249885163,2016-2017,0.43316490583371614,0.43316490583371614
5.6,19651360102475,0.0033458803847762,2016-2017,0.0932664157256378,0.0932664157256378
54.5,19651360112359,0.0833333333333333,2016-2017,0.4090909090909091,0.4090909090909091
52.9,19651360114439,0.1878144214645053,2016-2017,0.857686040195546,0.857686040195546
15.5,19651360117234,0.0146520146520146,2016-2017,0.19112627986348124,0.19112627986348124
6.9,19651360121731,0.0034364261168384,2016-2017,0.04319654427645788,0.04319654427645788
1.0,19734370132969,0.0,2016-2017,0.6802030456852792,0.6802030456852792
55.6,19734450125351,0.05,2016-2017,0.45,0.45
47.9,19734520120600,0.1065088757396449,2016-2017,0.551063829787234,0.551063829787234
60.0,19753090127100,0.2031413612565445,2016-2017,0.881675392670157,0.881675392670157
0.0,19753090129411,0.0909090909090909,2016-2017,0.313953488372093,0.313953488372093
22.0,19753090129742,0.0838150289017341,2016-2017,0.3185035389282103,0.3185035389282103
0.0,19753090130955,0.5,2016-2017,0.8392857142857143,0.8392857142857143
60.9,19753090131383,0.5785123966942148,2016-2017,0.6942148760330579,0.6942148760330579
47.6,19753090131557,1.0,2016-2017,0.15384615384615385,0.15384615384615385
9.5,19753090131987,0.0241448692152917,2016-2017,0.23459915611814347,0.23459915611814347
51.6,19753090132654,0.1662125340599455,2016-2017,0.23752598752598753,0.23752598752598753
21.9,19753090134585,0.6666666666666666,2016-2017,0.5833333333333334,0.5833333333333334
20.0,19753090134619,0.0909090909090909,2016-2017,0.9090909090909091,0.9090909090909091
22.0,19753090135145,0.07,2016-2017,0.6666666666666666,0.6666666666666666
93.8,19753410116285,0.1666666666666666,2016-2017,0.5,0.5
7.1,19764970115725,0.04296875,2016-2017,0.9506369426751592,0.9506369426751592
5.2,19768690119016,0.0036968576709796,2016-2017,0.3955637707948244,0.3955637707948244
8.8,19768690119636,0.0034013605442176,2016-2017,0.445578231292517,0.445578231292517
12.5,19768690131128,0.0,2016-2017,0.45387453874538747,0.45387453874538747
0.0,19768850132928,0.0103092783505154,2016-2017,0.93048128342246,0.93048128342246
3.2,19769680109926,0.0125,2016-2017,0.9269521410579346,0.9269521410579346
14.4,19769920133900,0.0089285714285714,2016-2017,0.9464285714285714,0.9464285714285714
76.6,20102070117184,0.1415929203539823,2016-2017,0.9023746701846965,0.9023746701846965
15.4,20652430110965,0.0026255333114538,2016-2017,0.9077781424351822,0.9077781424351822
23.7,20652430118950,0.0317460317460317,2016-2017,0.7142857142857143,0.7142857142857143
42.9,20652430123414,0.0,2016-2017,1,1
52.2,20652430123620,0.15625,2016-2017,0.975,0.975
76.1,20652430131086,0.0555555555555555,2016-2017,0.9767441860465116,0.9767441860465116
71.4,20755800110395,0.0,2016-2017,0.75,0.75
46.3,20755800110403,0.05,2016-2017,1,1
0.0,20755800111443,0.0,2016-2017,0.125,0.125
72.2,20756060100180,0.0769230769230769,2016-2017,1,1
18.3,20756060117010,0.0,2016-2017,0.4362745098039216,0.4362745098039216
0.4,20756060125021,0.0,2016-2017,0.2923076923076923,0.2923076923076923
4.8,20756060132936,0.0909090909090909,2016-2017,0.4580152671755725,0.4580152671755725
62.5,20764140115527,0.0,2016-2017,0.8,0.8
54.2,20764140115550,0.0,2016-2017,0.20833333333333334,0.20833333333333334
0.0,21102150113183,0.3076923076923077,2016-2017,1,1
34.8,23655650123737,0.0454545454545454,2016-2017,0.6120689655172413,0.6120689655172413
19.7,23656150128280,0.0319148936170212,2016-2017,0.5042016806722689,0.5042016806722689
26.2,23656230112300,0.1071428571428571,2016-2017,0.575,0.575
10.5,24102490106518,0.0352941176470588,2016-2017,0.6857142857142857,0.6857142857142857
33.3,24657550119073,0.0097087378640776,2016-2017,0.5714285714285714,0.5714285714285714
14.6,24657550120923,0.0042372881355932,2016-2017,0.784503631961259,0.784503631961259
77.6,24657890107672,0.0252100840336134,2016-2017,0.9411764705882353,0.9411764705882353
13.7,24657890127373,0.0049170251997541,2016-2017,0.6871542716656422,0.6871542716656422
0.0,24753660114538,0.1111111111111111,2016-2017,0.3333333333333333,0.3333333333333333
41.1,26102640124990,0.8392857142857143,2016-2017,0.9928571428571429,0.9928571428571429
13.1,27659790135111,0.2,2016-2017,0.7714285714285715,0.7714285714285715
0.0,27660680134254,0.0952380952380952,2016-2017,0.7619047619047619,0.7619047619047619
20.3,27660920111435,0.0017094017094017,2016-2017,0.6393162393162393,0.6393162393162393
42.9,27660920112896,0.0,2016-2017,1,1
80.5,27661590124610,0.2100840336134453,2016-2017,0.5234159779614325,0.5234159779614325
76.7,27754400106112,0.1428571428571428,2016-2017,0.8928571428571429,0.8928571428571429
0.0,28662660101964,0.0534351145038167,2016-2017,0.28846153846153844,0.28846153846153844
9.9,28662660121087,0.003883495145631,2016-2017,0.36893203883495146,0.36893203883495146
41.7,28662660128314,0.0952380952380952,2016-2017,0.6190476190476191,0.6190476190476191
40.0,29102980114314,0.0232558139534883,2016-2017,0.5465116279069767,0.5465116279069767
73.3,29102980116681,0.0,2016-2017,1,1
0.0,29102980116913,0.3333333333333333,2016-2017,1,1
9.6,29102980126219,0.0287539936102236,2016-2017,0.3912448700410397,0.3912448700410397
15.4,29663570112367,0.0,2016-2017,0.22727272727272727,0.22727272727272727
26.6,29663570124834,0.0,2016-2017,0.2658959537572254,0.2658959537572254
8.6,30103060126037,0.0059288537549407,2016-2017,0.6837944664031621,0.6837944664031621
5.6,30103060133983,0.0,2016-2017,0.8032786885245902,0.8032786885245902
85.9,30103060134239,0.3076923076923077,2016-2017,0.7702702702702703,0.7702702702702703
46.2,30103060134841,0.1746031746031746,2016-2017,0.8201058201058201,0.8201058201058201
27.6,30664640106765,0.046127562642369,2016-2017,0.39118705035971224,0.39118705035971224
12.6,30664640113381,0.0032653061224489,2016-2017,0.24979591836734694,0.24979591836734694
7.2,30664640124131,0.0,2016-2017,0.06818181818181818,0.06818181818181818
1.6,30665970111666,0.0,2016-2017,0.6463414634146342,0.6463414634146342
83.3,30666210114769,0.0454545454545454,2016-2017,0.782608695652174,0.782608695652174
0.0,30666210118174,0.0714285714285714,2016-2017,0.2222222222222222,0.2222222222222222
4.5,30666470119404,0.0011273957158962,2016-2017,0.09470124013528748,0.09470124013528748
14.1,30666700106567,0.0023419203747072,2016-2017,0.8594847775175644,0.8594847775175644
7.0,30666700108365,0.0045174537987679,2016-2017,0.8394250513347022,0.8394250513347022
5.5,30666700114736,0.0027173913043478,2016-2017,0.937111801242236,0.937111801242236
7.2,30736430102871,0.0024313997915943,2016-2017,0.2084056964223689,0.2084056964223689
2.5,30736500133405,0.0075757575757575,2016-2017,0.10858585858585859,0.10858585858585859
11.3,30768930130765,0.0,2016-2017,0.7949921752738655,0.7949921752738655
12.3,31103140119214,0.0491803278688524,2016-2017,0.21374045801526717,0.21374045801526717
47.4,31103140126904,0.0806451612903225,2016-2017,0.15350877192982457,0.15350877192982457
13.5,31668450121418,0.0133928571428571,2016-2017,0.14694508894044858,0.14694508894044858
11.4,31668940102293,0.005,2016-2017,0.375,0.375
6.0,31669280116459,0.0027397260273972,2016-2017,0.3841095890410959,0.3841095890410959
6.7,31669510122507,0.0491803278688524,2016-2017,0.3252551020408163,0.3252551020408163
8.8,31750850108084,0.0010746910263299,2016-2017,0.1660397635679742,0.1660397635679742
10.7,31750850119487,0.0053285968028419,2016-2017,0.09801324503311258,0.09801324503311258
63.0,31750850128561,0.0275229357798165,2016-2017,0.18248175182481752,0.18248175182481752
4.2,33103300110833,0.0399137001078748,2016-2017,0.48122462787550746,0.48122462787550746
12.1,33103300125237,0.0164609053497942,2016-2017,0.9135802469135802,0.9135802469135802
0.0,33103300128397,0.5585284280936454,2016-2017,0.6839464882943144,0.6839464882943144
49.2,33103300128777,0.3095238095238095,2016-2017,0.5773809523809523,0.5773809523809523
19.8,33103300134320,0.0571428571428571,2016-2017,0.9142857142857143,0.9142857142857143
16.2,33669770125732,0.0055865921787709,2016-2017,0.5681564245810056,0.5681564245810056
61.6,33669770135061,0.140495867768595,2016-2017,0.8347107438016529,0.8347107438016529
51.0,33669930129882,0.1351351351351351,2016-2017,0.42528735632183906,0.42528735632183906
67.5,33670330110106,0.1726618705035971,2016-2017,0.8776978417266187,0.8776978417266187
7.1,33670330110627,0.0028660138524002,2016-2017,0.3730594697874373,0.3730594697874373
6.1,33670330110759,0.0031298904538341,2016-2017,0.37402190923317685,0.37402190923317685
93.5,33670580114504,0.1254237288135593,2016-2017,0.6508474576271186,0.6508474576271186
16.9,33670580118885,0.0042938931297709,2016-2017,0.663645038167939,0.663645038167939
16.7,33670820106716,0.0130718954248366,2016-2017,0.738562091503268,0.738562091503268
20.3,33670820113159,0.0055079559363525,2016-2017,0.7962056303549572,0.7962056303549572
3.6,33670820120675,0.0045454545454545,2016-2017,0.2750809061488673,0.2750809061488673
33.3,33670820128363,0.0,2016-2017,0.6666666666666666,0.6666666666666666
71.4,33670820132167,0.0833333333333333,2016-2017,0.8769230769230769,0.8769230769230769
11.5,33670900114157,0.003532008830022,2016-2017,0.6167770419426049,0.6167770419426049
39.2,33670900127720,0.0571428571428571,2016-2017,0.46987951807228917,0.46987951807228917
10.2,33671160109843,0.0,2016-2017,0.22793650793650794,0.22793650793650794
47.1,33671240105940,0.2666666666666666,2016-2017,0.7916666666666666,0.7916666666666666
50.0,33671240128868,0.0490196078431372,2016-2017,0.6827586206896552,0.6827586206896552
47.8,33671570125245,0.0784313725490196,2016-2017,0.44554455445544555,0.44554455445544555
15.2,33671730127316,0.0024081878386514,2016-2017,0.6923540036122817,0.6923540036122817
52.8,33671730133090,0.1428571428571428,2016-2017,0.6390977443609023,0.6390977443609023
5.5,33672070101170,0.0019880715705765,2016-2017,0.8741594620557157,0.8741594620557157
18.8,33672070113191,0.0057574667146455,2016-2017,0.6912558474271321,0.6912558474271321
53.1,33672150115709,0.04,2016-2017,0.25,0.25
0.5,33672150131359,0.0,2016-2017,0.2542901716068643,0.2542901716068643
23.6,33672150132498,0.0117302052785923,2016-2017,0.3493635077793494,0.3493635077793494
22.6,33736760100255,0.0056036678553234,2016-2017,0.9801324503311258,0.9801324503311258
13.3,33736760121673,0.0091743119266055,2016-2017,0.9128440366972477,0.9128440366972477
15.6,33751760107920,0.0033879164313946,2016-2017,0.7374364765669114,0.7374364765669114
69.6,33751760116343,0.0377358490566037,2016-2017,0.4355400696864111,0.4355400696864111
12.7,33751920105734,0.0005984440454817,2016-2017,0.14093357271095153,0.14093357271095153
9.3,33752000100420,0.0008393956351426,2016-2017,0.24986010072747622,0.24986010072747622
58.3,33752000102079,0.0349344978165938,2016-2017,0.29213483146067415,0.29213483146067415
12.6,33752000118794,0.0008733624454148,2016-2017,0.28646288209606985,0.28646288209606985
9.7,33752420109108,0.0075578649031648,2016-2017,0.8091639111950873,0.8091639111950873
42.9,33752420109652,0.0909090909090909,2016-2017,0.8947368421052632,0.8947368421052632
9.0,33752420123190,0.0,2016-2017,0.7441860465116279,0.7441860465116279
7.1,33752420133306,0.0047483380816714,2016-2017,0.8005698005698005,0.8005698005698005
8.6,33769430132522,0.03125,2016-2017,0.7180156657963447,0.7180156657963447
81.7,34103480106229,0.2,2016-2017,0.625,0.625
64.9,34103480106237,0.1956521739130435,2016-2017,0.6804123711340206,0.6804123711340206
63.1,34103480106245,0.1583333333333333,2016-2017,0.6875,0.6875
3.7,34103480106278,0.6842105263157895,2016-2017,1,1
54.2,34103480106294,0.016260162601626,2016-2017,0.45454545454545453,0.45454545454545453
76.5,34103480106302,0.0769230769230769,2016-2017,0.7857142857142857,0.7857142857142857
75.4,34103480118745,0.1948051948051948,2016-2017,0.7769784172661871,0.7769784172661871
2.7,34322760330027,0.0769230769230769,2016-2017,0.9230769230769231,0.9230769230769231
9.5,34673140105916,0.003985828166519,2016-2017,0.6913197519929141,0.6913197519929141
6.0,34673140108753,0.0011792452830188,2016-2017,0.27908805031446543,0.27908805031446543
8.8,34673140116897,0.0025020850708924,2016-2017,0.30275229357798167,0.30275229357798167
46.8,34673220127860,0.0238095238095238,2016-2017,0.8,0.8
4.5,34673300113571,0.0,2016-2017,0.06587166382737081,0.06587166382737081
14.8,34673550119131,0.0050335570469798,2016-2017,0.5092281879194631,0.5092281879194631
3.3,34674130112078,0.0166666666666666,2016-2017,0.5611814345991561,0.5611814345991561
23.2,34674210132019,0.3296703296703296,2016-2017,0.90625,0.90625
12.9,34674390101881,0.0053475935828877,2016-2017,0.6951871657754011,0.6951871657754011
11.2,34674390101899,0.0033670033670033,2016-2017,0.4107744107744108,0.4107744107744108
9.0,34674390101907,0.0180505415162454,2016-2017,0.5415162454873647,0.5415162454873647
16.8,34674390101972,0.0128388017118402,2016-2017,0.7039942938659058,0.7039942938659058
14.3,34674390102038,0.0055432372505543,2016-2017,0.7039911308203991,0.7039911308203991
23.1,34674390108951,0.0095238095238095,2016-2017,0.7857142857142857,0.7857142857142857
8.8,34674390114546,0.003731343283582,2016-2017,0.6679841897233202,0.6679841897233202
10.9,34674470121467,0.0072463768115942,2016-2017,0.8166666666666667,0.8166666666666667
9.7,34674470133975,0.1818181818181818,2016-2017,0.6666666666666666,0.6666666666666666
6.3,34739730106377,0.0,2016-2017,0.6530612244897959,0.6530612244897959
8.4,34752830102236,0.0034808552958727,2016-2017,0.46643460964694183,0.46643460964694183
6.9,34752830112425,0.0,2016-2017,0.38578680203045684,0.38578680203045684
5.3,34752830126060,0.0,2016-2017,0.5140056022408963,0.5140056022408963
5.6,34765050101832,0.0024330900243309,2016-2017,0.7420924574209246,0.7420924574209246
0.3,34765050108415,0.0280210157618213,2016-2017,0.5748917748917749,0.5748917748917749
7.8,34765050108795,0.0,2016-2017,0.6691842900302115,0.6691842900302115
52.1,34765050108837,0.2891246684350133,2016-2017,0.8294243070362474,0.8294243070362474
16.0,34765050114272,0.2,2016-2017,0.8170266836086404,0.8170266836086404
75.0,34765050125203,0.0,2016-2017,1,1
84.7,34765050130757,0.8353808353808354,2016-2017,0.6537854889589906,0.6537854889589906
24.0,34769350132480,0.0,2016-2017,0.6219512195121951,0.6219512195121951
70.0,35103550132308,0.25,2016-2017,0.8823529411764706,0.8823529411764706
62.1,36103630107466,0.1916058394160583,2016-2017,0.9534109816971714,0.9534109816971714
48.7,36675870120592,0.1097643097643097,2016-2017,0.8631178707224335,0.8631178707224335
29.3,36675870128462,0.1293706293706293,2016-2017,0.9162011173184358,0.9162011173184358
91.7,36676110124628,0.125,2016-2017,0.875,0.875
63.4,36676520126243,0.0930232558139534,2016-2017,0.4186046511627907,0.4186046511627907
12.7,36676860125500,0.012442396313364,2016-2017,0.6608294930875576,0.6608294930875576
11.8,36677100108191,0.0081866557511256,2016-2017,0.6577977896029472,0.6577977896029472
10.7,36677100120758,0.0073063809059912,2016-2017,0.7920116902094496,0.7920116902094496
22.9,36677360116723,0.0,2016-2017,0.5930599369085173,0.5930599369085173
8.0,36677360128439,0.073170731707317,2016-2017,0.3956043956043956,0.3956043956043956
7.0,36677360130948,0.0273972602739726,2016-2017,0.6935483870967742,0.6935483870967742
49.7,36677360131151,0.1672535211267605,2016-2017,0.9037162162162162,0.9037162162162162
81.8,36678010132720,0.25,2016-2017,0.3333333333333333,0.3333333333333333
2.2,36678270111807,0.1446428571428571,2016-2017,0.7004310344827587,0.7004310344827587
7.3,36678270113928,0.0,2016-2017,0.7832258064516129,0.7832258064516129
12.7,36678430118802,0.0051115241635687,2016-2017,0.5097583643122676,0.5097583643122676
0.0,36678430127837,0.0,2016-2017,0.34065934065934067,0.34065934065934067
6.3,36678500102830,0.0086277732128184,2016-2017,0.7021364009860313,0.7021364009860313
13.5,36678760107730,0.203125,2016-2017,0.9692982456140351,0.9692982456140351
0.0,36678760109850,0.0,2016-2017,0.7223529411764706,0.7223529411764706
36.2,36678760120568,0.2642857142857143,2016-2017,0.8258064516129032,0.8258064516129032
25.2,36678760125450,0.0079545454545454,2016-2017,0.8715909090909091,0.8715909090909091
0.5,36678920134247,0.7238095238095238,2016-2017,0.7849779086892489,0.7849779086892489
2.2,36679340110064,0.0027322404371584,2016-2017,0.7146666666666667,0.7146666666666667
11.0,36679340125419,0.0356149137451307,2016-2017,0.8313856427378965,0.8313856427378965
72.5,36679590101410,0.15,2016-2017,0.8658536585365854,0.8658536585365854
76.6,36679590101816,0.0333333333333333,2016-2017,0.3125,0.3125
60.0,36738900118109,0.0,2016-2017,1,1
23.8,36750440107516,0.0093023255813953,2016-2017,0.7069767441860465,0.7069767441860465
48.8,36750440114389,0.0141509433962264,2016-2017,0.6653225806451613,0.6653225806451613
56.8,36750440115444,0.0432692307692307,2016-2017,0.7163461538461539,0.7163461538461539
23.1,36750440116707,0.0016077170418006,2016-2017,0.5364055299539171,0.5364055299539171
14.3,36750440119115,0.0008176614881439,2016-2017,0.5866721177432543,0.5866721177432543
5.9,36750510115089,0.0,2016-2017,0.2544502617801047,0.2544502617801047
10.5,37103710115998,0.0,2016-2017,1,1
62.6,37103710120493,0.1309523809523809,2016-2017,1,1
44.7,37103710128520,0.300174520069808,2016-2017,0.8662207357859532,0.8662207357859532
6.9,37103710128538,0.327027027027027,2016-2017,1,1
0.0,37679830117887,0.1,2016-2017,0.423728813559322,0.423728813559322
45.1,37679830131144,0.2948402948402948,2016-2017,0.9238329238329238,0.9238329238329238
42.1,37680490119990,0.2847222222222222,2016-2017,0.7899305555555556,0.7899305555555556
40.2,37680490129221,0.2195121951219512,2016-2017,0.3103448275862069,0.3103448275862069
0.0,37680490131169,0.75,2016-2017,0.7674418604651163,0.7674418604651163
16.7,37680490132506,0.0556844547563805,2016-2017,0.26076794657762936,0.26076794657762936
3.6,37681060111195,0.0016038492381716,2016-2017,0.15396952686447474,0.15396952686447474
5.5,37681060127241,0.0013315579227696,2016-2017,0.5272969374167776,0.5272969374167776
61.8,37681300128793,0.0273972602739726,2016-2017,0.6164383561643836,0.6164383561643836
78.7,37681300128819,0.1212121212121212,2016-2017,0.8484848484848485,0.8484848484848485
27.3,37681300132548,0.0192307692307692,2016-2017,0.5512820512820513,0.5512820512820513
44.1,37681630124271,0.1978609625668449,2016-2017,0.8092715231788079,0.8092715231788079
2.1,37681630128421,0.025,2016-2017,0.46941489361702127,0.46941489361702127
22.6,37681890118323,0.0489510489510489,2016-2017,0.36446469248291574,0.36446469248291574
1.5,37682130119560,0.0181818181818181,2016-2017,0.21052631578947367,0.21052631578947367
36.3,37682130123224,0.0858725761772853,2016-2017,0.5980392156862745,0.5980392156862745
45.2,37682130123240,0.0357142857142857,2016-2017,0.2857142857142857,0.2857142857142857
19.1,37682130127084,0.0925925925925925,2016-2017,0.603125,0.603125
40.4,37682130129668,0.2,2016-2017,0.6486486486486487,0.6486486486486487
4.6,37682960118935,0.0019221528111484,2016-2017,0.07688611244593946,0.07688611244593946
34.3,37683040102178,0.3142857142857143,2016-2017,0.2,0.2
27.4,37683040131250,0.0108695652173913,2016-2017,0.14018691588785046,0.14018691588785046
4.7,37683380106732,0.0024570024570024,2016-2017,0.44963144963144963,0.44963144963144963
0.0,37683380106799,0.005,2016-2017,0.5326315789473685,0.5326315789473685
8.2,37683380107029,0.001953125,2016-2017,0.5185546875,0.5185546875
19.5,37683380107052,0.014657980456026,2016-2017,0.7719869706840391,0.7719869706840391
6.1,37683380107078,0.0,2016-2017,0.7473958333333334,0.7473958333333334
10.5,37683380107086,0.0,2016-2017,0.6937669376693767,0.6937669376693767
6.3,37683380107094,0.0,2016-2017,0.7350649350649351,0.7350649350649351
7.1,37683380107102,0.0061728395061728,2016-2017,0.7469135802469136,0.7469135802469136
19.7,37683380107177,0.0154826958105646,2016-2017,0.9098360655737705,0.9098360655737705
12.3,37683380107219,0.0039840637450199,2016-2017,0.9096945551128818,0.9096945551128818
4.0,37683380107482,0.0079365079365079,2016-2017,0.4365079365079365,0.4365079365079365
16.4,37683380108787,0.0025,2016-2017,0.45,0.45
25.1,37683380114025,0.0165860400829302,2016-2017,0.8583275742916379,0.8583275742916379
18.0,37683380114462,0.0,2016-2017,0.6818181818181818,0.6818181818181818
57.6,37683380114520,0.1238095238095238,2016-2017,0.9619047619047619,0.9619047619047619
0.0,37683380118000,0.0,2016-2017,0.27422680412371137,0.27422680412371137
14.6,37683380118315,0.0,2016-2017,0.865979381443299,0.865979381443299
42.5,37683380118851,0.0057251908396946,2016-2017,0.9847328244274809,0.9847328244274809
8.2,37683380119610,0.0016778523489932,2016-2017,0.9062247372675829,0.9062247372675829
21.2,37683380120410,0.0277777777777777,2016-2017,0.2777777777777778,0.2777777777777778
22.3,37683380122788,0.0237154150197628,2016-2017,0.2648221343873518,0.2648221343873518
7.1,37683380124347,0.0,2016-2017,0.9943820224719101,0.9943820224719101
22.2,37683380126938,0.0606060606060606,2016-2017,0.5384615384615384,0.5384615384615384
0.0,37683380127647,0.0021834061135371,2016-2017,0.6615720524017468,0.6615720524017468
40.7,37683380128744,0.0296296296296296,2016-2017,0.5724137931034483,0.5724137931034483
90.9,37683380131979,0.1263157894736842,2016-2017,0.8378378378378378,0.8378378378378378
6.0,37683460106328,0.0,2016-2017,0.025768911055694097,0.025768911055694097
51.9,37684030125401,0.1666666666666666,2016-2017,0.5689655172413793,0.5689655172413793
7.1,37684110111831,0.0015325670498084,2016-2017,0.22911877394636015,0.22911877394636015
10.3,37684110115873,0.0,2016-2017,0.5384615384615384,0.5384615384615384
26.2,37684370128470,0.0991735537190082,2016-2017,0.6985294117647058,0.6985294117647058
34.5,37684520106120,0.4792792792792792,2016-2017,0.9576576576576576,0.9576576576576576
21.3,37684520114264,0.006060606060606,2016-2017,0.43636363636363634,0.43636363636363634
66.9,37684520115451,0.2522935779816513,2016-2017,0.7293577981651376,0.7293577981651376
4.5,37684520118430,0.0030599755201958,2016-2017,0.24969400244798043,0.24969400244798043
0.0,37684520124917,0.0,2016-2017,0.21518987341772153,0.21518987341772153
66.7,37684520126300,0.05,2016-2017,0.27906976744186046,0.27906976744186046
9.1,37735510127423,0.0023980815347721,2016-2017,0.15987210231814547,0.15987210231814547
4.8,37737910105726,0.0,2016-2017,0.4262490087232355,0.4262490087232355
0.0,37737910109785,0.0232558139534883,2016-2017,0.5277777777777778,0.5277777777777778
37.8,37754160132472,0.1387900355871886,2016-2017,0.21341463414634146,0.21341463414634146
12.8,37764710114678,0.0048154093097913,2016-2017,0.49919743178170145,0.49919743178170145
7.2,37764710114694,0.0,2016-2017,0.3624161073825503,0.3624161073825503
9.2,37768510129320,0.0,2016-2017,0.4192139737991266,0.4192139737991266
24.2,37768510132886,0.134453781512605,2016-2017,0.3934010152284264,0.3934010152284264
10.0,37769010134429,0.0,2016-2017,0.5097613882863341,0.5097613882863341
53.3,37770320134577,0.0346153846153846,2016-2017,0.6550522648083623,0.6550522648083623
27.9,38684780101774,0.2729970326409495,2016-2017,0.03857566765578635,0.03857566765578635
0.0,38684780102103,0.0,2016-2017,0.6198347107438017,0.6198347107438017
20.2,38684780107300,0.008955223880597,2016-2017,0.7223880597014926,0.7223880597014926
47.6,38684780118133,0.3961038961038961,2016-2017,0.012987012987012988,0.012987012987012988
67.4,38684780118141,0.0620411160058737,2016-2017,0.11335289801907557,0.11335289801907557
0.0,38684780119875,0.0215384615384615,2016-2017,0.7507692307692307,0.7507692307692307
0.0,38684780119958,0.0082872928176795,2016-2017,0.56353591160221,0.56353591160221
17.6,38684780127530,0.0077319587628865,2016-2017,0.8144329896907216,0.8144329896907216
46.9,39103970120717,0.1195652173913043,2016-2017,0.8251121076233184,0.8251121076233184
89.5,39103970121723,0.4125874125874126,2016-2017,0.8881118881118881,0.8881118881118881
0.0,39685020126011,0.0,2016-2017,0.22491349480968859,0.22491349480968859
46.4,39685770118307,0.0625,2016-2017,0.8125,0.8125
6.2,39685850101956,0.0,2016-2017,0.3463541666666667,0.3463541666666667
18.3,39685850108225,0.0215241419429901,2016-2017,0.7673065735892961,0.7673065735892961
0.0,39685850122580,0.0440251572327044,2016-2017,0.5463258785942492,0.5463258785942492
90.0,39685850122879,0.2857142857142857,2016-2017,0.8571428571428571,0.8571428571428571
10.4,39685930101576,0.0041356492969396,2016-2017,0.6443341604631927,0.6443341604631927
28.1,39685930112565,0.1274509803921568,2016-2017,0.6176470588235294,0.6176470588235294
12.2,39685930116376,0.0038789759503491,2016-2017,0.504266873545384,0.504266873545384
38.7,39685930126094,0.0493827160493827,2016-2017,0.47530864197530864,0.47530864197530864
13.4,39686270126755,0.0068493150684931,2016-2017,0.7817638266068759,0.7817638266068759
44.6,39686270127191,0.0891938250428816,2016-2017,0.5403636363636364,0.5403636363636364
52.2,39686270129908,0.2948717948717949,2016-2017,0.5477707006369427,0.5477707006369427
0.0,39686270129916,0.0,2016-2017,0.2746987951807229,0.2746987951807229
25.3,39686270130864,0.06,2016-2017,0.4666666666666667,0.4666666666666667
92.3,39686270132365,0.3076923076923077,2016-2017,0.7692307692307693,0.7692307692307693
60.7,39686270133116,0.2564102564102564,2016-2017,0.6346153846153846,0.6346153846153846
33.0,39686500125849,0.11003861003861,2016-2017,0.4079696394686907,0.4079696394686907
57.1,39686500128215,0.0454545454545454,2016-2017,0.6818181818181818,0.6818181818181818
24.8,39686760108159,0.0136342266102491,2016-2017,0.7531734837799718,0.7531734837799718
22.2,39686760115402,0.0047169811320754,2016-2017,0.8726415094339622,0.8726415094339622
5.8,39686760118497,0.0028901734104046,2016-2017,0.7457865168539326,0.7457865168539326
2.9,39686760119743,0.0,2016-2017,0.6004901960784313,0.6004901960784313
65.8,39686760119784,0.0509259259259259,2016-2017,0.6435185185185185,0.6435185185185185
4.9,39686760120733,0.0,2016-2017,0.5364485981308411,0.5364485981308411
9.2,39686760123802,0.0,2016-2017,0.8126272912423625,0.8126272912423625
8.2,39686760124248,0.0,2016-2017,0.6185567010309279,0.6185567010309279
2.8,39754990102392,0.0,2016-2017,0.15355805243445692,0.15355805243445692
60.7,39754990114140,0.0775193798449612,2016-2017,0.6666666666666666,0.6666666666666666
7.8,39754990119040,0.0092653871608206,2016-2017,0.34017207147584383,0.34017207147584383
9.5,39767600128967,0.0009276437847866,2016-2017,0.1836734693877551,0.1836734693877551
7.8,40104050101725,0.0204918032786885,2016-2017,0.7090163934426229,0.7090163934426229
12.3,40687590125328,0.0062305295950155,2016-2017,0.2616822429906542,0.2616822429906542
24.4,40754570119354,0.0277777777777777,2016-2017,0.28703703703703703,0.28703703703703703
19.0,41104130113266,0.1176470588235294,2016-2017,1,1
63.4,41104130113332,0.0588235294117647,2016-2017,0.8823529411764706,0.8823529411764706
18.8,41104130117143,0.0,2016-2017,1,1
28.0,41104130128652,0.2222222222222222,2016-2017,1,1
42.4,41689160112284,0.1307692307692307,2016-2017,0.41732283464566927,0.41732283464566927
13.7,41689240127548,0.0047058823529411,2016-2017,0.22823529411764706,0.22823529411764706
24.3,41689990134197,0.0348837209302325,2016-2017,0.865979381443299,0.865979381443299
62.8,41690470128165,0.1404494382022472,2016-2017,0.4044943820224719,0.4044943820224719
18.1,41690470129759,0.0048309178743961,2016-2017,0.09420289855072464,0.09420289855072464
16.8,41690620112722,0.0070093457943925,2016-2017,0.49065420560747663,0.49065420560747663
13.4,41690620119503,0.0049504950495049,2016-2017,0.5792079207920792,0.5792079207920792
20.4,41690620126722,0.0160771704180064,2016-2017,0.8842443729903537,0.8842443729903537
0.0,41690700127563,0.0,2016-2017,0.5,0.5
1.8,42691120111773,0.0225988700564971,2016-2017,0.5051813471502591,0.5051813471502591
7.5,42691120124255,0.0,2016-2017,0.3227665706051873,0.3227665706051873
87.5,42692290132738,0.0,2016-2017,0.9090909090909091,0.9090909090909091
7.6,42692600116434,0.001727115716753,2016-2017,0.21173469387755103,0.21173469387755103
7.8,42693100102285,0.0095693779904306,2016-2017,0.728744939271255,0.728744939271255
2.6,42750100134866,0.8,2016-2017,0.7727272727272727,0.7727272727272727
12.5,42767860120402,0.1197183098591549,2016-2017,0.24647887323943662,0.24647887323943662
9.8,42769500132894,0.0833333333333333,2016-2017,0.6409395973154363,0.6409395973154363
2.5,43104390113431,0.0,2016-2017,0.18344155844155843,0.18344155844155843
18.0,43104390123257,0.0035335689045936,2016-2017,0.8847352024922118,0.8847352024922118
10.5,43104390123794,0.0066445182724252,2016-2017,0.4219269102990033,0.4219269102990033
8.9,43104390128090,0.0,2016-2017,0.2725060827250608,0.2725060827250608
89.0,43104390135087,0.4895833333333333,2016-2017,0.22395833333333334,0.22395833333333334
4.6,43694270116889,0.006,2016-2017,0.732,0.732
14.6,43694270123745,0.0054054054054054,2016-2017,0.43513513513513513,0.43513513513513513
36.2,43694270125427,0.037037037037037,2016-2017,0.4757834757834758,0.4757834757834758
31.9,43694270125617,0.0264900662251655,2016-2017,0.8940397350993378,0.8940397350993378
16.5,43694270130856,0.0,2016-2017,0.6271186440677966,0.6271186440677966
20.6,43694270131995,0.0157894736842105,2016-2017,0.7263157894736842,0.7263157894736842
14.3,43694270132274,0.0238907849829351,2016-2017,0.7337883959044369,0.7337883959044369
2.2,43694840114496,0.0,2016-2017,0.3516483516483517,0.3516483516483517
12.7,43694840118380,0.002839295854628,2016-2017,0.4026121521862578,0.4026121521862578
12.0,43695830102368,0.0094339622641509,2016-2017,0.29380053908355797,0.29380053908355797
73.7,43696740125443,0.0,2016-2017,0.5833333333333334,0.5833333333333334
15.8,44697650100305,0.0208333333333333,2016-2017,0.18055555555555555,0.18055555555555555
54.5,44697990105858,0.0099573257467994,2016-2017,0.8620199146514936,0.8620199146514936
50.0,44697990117804,0.0036764705882352,2016-2017,0.8074656188605108,0.8074656188605108
4.8,44698070110007,0.0276243093922651,2016-2017,0.17009182334936598,0.17009182334936598
58.1,45104540132647,0.2894736842105263,2016-2017,0.6521739130434783,0.6521739130434783
4.1,45701360106013,0.0,2016-2017,0.1641337386018237,0.1641337386018237
34.0,45701360114132,0.0,2016-2017,0.3023255813953488,0.3023255813953488
28.2,45701360114231,0.0303030303030303,2016-2017,0.5151515151515151,0.5151515151515151
43.1,45701360114249,0.0,2016-2017,0.6222222222222222,0.6222222222222222
19.4,45701690129957,0.0851063829787234,2016-2017,0.5274725274725275,0.5274725274725275
6.3,45701690134031,0.0,2016-2017,0.336734693877551,0.336734693877551
1.1,45752670120170,0.0,2016-2017,0.6343042071197411,0.6343042071197411
7.9,47104700117168,0.0059523809523809,2016-2017,0.6698113207547169,0.6698113207547169
70.0,48705240118968,0.0,2016-2017,0.45454545454545453,0.45454545454545453
81.8,48705320102012,0.0,2016-2017,0.5,0.5
55.2,48705400122093,0.0454545454545454,2016-2017,0.5641025641025641,0.5641025641025641
26.4,48705400123356,0.0,2016-2017,0.647887323943662,0.647887323943662
8.0,48705400125310,0.0,2016-2017,0.5179640718562875,0.5179640718562875
45.6,48705730135095,0.1195652173913043,2016-2017,0.4046511627906977,0.4046511627906977
100.0,48705810101980,0.175,2016-2017,0.925,0.925
6.4,49706150127662,0.0,2016-2017,0.6515151515151515,0.6515151515151515
18.3,49707060129981,0.0,2016-2017,0.6356589147286822,0.6356589147286822
43.8,49707970107284,0.1508196721311475,2016-2017,0.5186991869918699,0.5186991869918699
33.3,49707970134296,0.3333333333333333,2016-2017,0.42214532871972316,0.42214532871972316
60.2,49708390120584,0.1936758893280632,2016-2017,0.47419354838709676,0.47419354838709676
36.1,49708540132357,0.032258064516129,2016-2017,0.35555555555555557,0.35555555555555557
74.5,49708620128157,0.5285714285714286,2016-2017,0.24285714285714285,0.24285714285714285
19.5,49708700106344,0.0,2016-2017,0.4051724137931034,0.4051724137931034
10.7,49709040101923,0.0048387096774193,2016-2017,0.8747169811320755,0.8747169811320755
59.5,49709200108811,0.1944444444444444,2016-2017,1,1
10.4,49738820123786,0.0081632653061224,2016-2017,0.3020408163265306,0.3020408163265306
34.0,49738820127092,0.2054794520547945,2016-2017,0.6339869281045751,0.6339869281045751
25.0,49753580121236,0.0,2016-2017,0.3953488372093023,0.3953488372093023
34.0,50105040129023,0.8237885462555066,2016-2017,0.762114537444934,0.762114537444934
73.4,50105040131235,0.3591549295774648,2016-2017,0.8186046511627907,0.8186046511627907
2.0,50710430107136,0.0,2016-2017,0.16216216216216217,0.16216216216216217
13.8,50710430108076,0.0067920585161964,2016-2017,0.8443051201671892,0.8443051201671892
11.4,50711750110593,0.0033167495854063,2016-2017,0.41086235489220563,0.41086235489220563
30.1,50711750120212,0.0,2016-2017,0.6186868686868687,0.6186868686868687
10.1,50711750121129,0.0035476718403547,2016-2017,0.46031042128603106,0.46031042128603106
55.4,50712170133124,0.108695652173913,2016-2017,0.6792452830188679,0.6792452830188679
45.5,50755490116848,0.0,2016-2017,0.875,0.875
46.6,50755560112573,0.0545454545454545,2016-2017,0.8,0.8
50.0,50755720117689,0.064516129032258,2016-2017,0.7741935483870968,0.7741935483870968
79.4,50757390124669,0.0619469026548672,2016-2017,0.41566265060240964,0.41566265060240964
59.9,50757390131185,0.2268041237113402,2016-2017,0.8796296296296297,0.8796296296296297
64.0,51105120114207,0.26,2016-2017,0.7596153846153846,0.7596153846153846
10.5,51714070109793,0.0093984962406015,2016-2017,0.37244444444444447,0.37244444444444447
48.5,51714150129007,0.0840579710144927,2016-2017,0.5581947743467933,0.5581947743467933
0.9,51714150132761,0.3283582089552239,2016-2017,0.7931034482758621,0.7931034482758621
0.0,51714230132977,0.0,2016-2017,0.32848837209302323,0.32848837209302323
8.0,51714560133934,0.0125,2016-2017,0.4677137870855148,0.4677137870855148
15.7,51714640107722,0.0087767416346681,2016-2017,0.5995611629182666,0.5995611629182666
0.0,52715220132597,0.0,2016-2017,0.336734693877551,0.336734693877551
61.5,53105380125633,0.0909090909090909,2016-2017,0.8295454545454546,0.8295454545454546
4.9,54105460119602,0.0,2016-2017,0.35294117647058826,0.35294117647058826
11.1,54105460124057,0.0666666666666666,2016-2017,0.2756024096385542,0.2756024096385542
32.3,54718030112458,0.0607476635514018,2016-2017,0.5584988962472406,0.5584988962472406
10.5,54718370109009,0.0032154340836012,2016-2017,0.6155055002619172,0.6155055002619172
49.4,54718370122705,0.1296296296296296,2016-2017,0.9444444444444444,0.9444444444444444
53.5,54719930124776,0.1333333333333333,2016-2017,0.8666666666666667,0.8666666666666667
34.3,54721400123273,0.2127303182579564,2016-2017,0.8844221105527639,0.8844221105527639
67.6,54722490107649,0.1666666666666666,2016-2017,0.7916666666666666,0.7916666666666666
7.8,54722490116368,0.0086378737541528,2016-2017,0.6744186046511628,0.6744186046511628
72.9,54722490130708,0.1304347826086956,2016-2017,0.8623188405797102,0.8623188405797102
52.7,54722490133793,0.0705128205128205,2016-2017,0.8333333333333334,0.8333333333333334
18.4,54722560109751,0.0541586073500967,2016-2017,0.7548262548262549,0.7548262548262549
11.1,54722560120659,0.0,2016-2017,0.4856115107913669,0.4856115107913669
58.7,54755230114348,0.1951219512195122,2016-2017,0.8130081300813008,0.8130081300813008
2.7,54755230116590,0.0,2016-2017,0.6409335727109515,0.6409335727109515
43.3,54755310102186,0.0142857142857142,2016-2017,0.8571428571428571,0.8571428571428571
45.4,55723630100099,0.1170212765957446,2016-2017,0.6228070175438597,0.6228070175438597
3.3,55724130112276,0.0185185185185185,2016-2017,0.4753694581280788,0.4753694581280788
44.0,56105610109900,0.1732199787460148,2016-2017,0.7768331562167906,0.7768331562167906
9.7,56105610122713,0.0,2016-2017,0.25101214574898784,0.25101214574898784
54.3,56724540124750,0.1304347826086956,2016-2017,0.4,0.4
27.5,56725040127043,0.1020408163265306,2016-2017,0.6486486486486487,0.6486486486486487
17.8,56725460120634,0.0,2016-2017,0.4444444444444444,0.4444444444444444
74.7,56725460125674,0.1590909090909091,2016-2017,0.7113636363636363,0.7113636363636363
7.6,56725460131698,0.0018484288354898,2016-2017,0.05730129390018484,0.05730129390018484
7.6,56737590123349,0.0,2016-2017,0.06493506493506493,0.06493506493506493
13.8,56739400121426,0.0615384615384615,2016-2017,0.14457831325301204,0.14457831325301204
90.2,57105790113787,0.1058823529411764,2016-2017,0.7011494252873564,0.7011494252873564
8.7,57726780106674,0.0,2016-2017,0.28459119496855345,0.28459119496855345
12.6,57726780119578,0.0,2016-2017,0.11260504201680673,0.11260504201680673
21.6,57726940115329,0.0294117647058823,2016-2017,0.17647058823529413,0.17647058823529413
71.4,57726940120238,0.0,2016-2017,0.9285714285714286,0.9285714285714286
10.9,57727100101162,0.0050825921219822,2016-2017,0.5432020330368488,0.5432020330368488
79.1,58105870113274,0.4285714285714285,2016-2017,1,1
53.3,58727360131599,0.1290322580645161,2016-2017,0.8714285714285714,0.8714285714285714
62.5,58727690123570,0.0,2016-2017,0.75,0.75
